date,births
1970-01-01,8762
1970-01-02,10898
1970-01-03,11022
1970-01-04,10646
1970-01-05,10426
1970-01-06,10912
1970-01-07,9822
1970-01-08,8864
1970-01-09,10492
1970-01-10,9856
1970-01-11,8978
1970-01-12,8284
1970-01-13,9910
1970-01-14,9304
1970-01-15,9004
1970-01-16,10980
1970-01-17,12232
1970-01-18,11122
1970-01-20,8372
1970-01-21,9234
1970-01-22,9162
1970-01-23,8620
1970-01-24,9852
1970-01-25,10202
1970-01-26,10020
1970-01-27,9756
1970-01-28,9844
1970-01-29,9270
1970-01-30,9158
1970-01-31,10474
1970-02-01,10580
1970-02-02,10244
1970-02-03,9946
1970-02-04,10276
1970-02-05,9598
1970-02-06,8948
1970-02-07,10124
1970-02-08,10524
1970-02-09,10096
1970-02-10,9686
1970-02-11,10202
1970-02-12,9470
1970-02-13,8792
1970-02-14,10160
1970-02-15,10602
1970-02-16,10188
1970-02-17,9816
1970-02-18,9912
1970-02-19,9012
1970-02-21,9042
1970-02-22,10542
1970-02-23,10712
1970-02-24,10086
1970-02-25,9766
1970-02-26,10220
1970-02-27,9562
1970-02-28,9016
1970-03-01,10226
1970-03-02,10620
1970-03-03,10288
1970-03-04,10058
1970-03-05,10110
1970-03-06,9558
1970-03-07,9136
1970-03-08,10260
1970-03-09,10676
1970-03-10,10472
1970-03-11,10072
1970-03-12,10544
1970-03-13,9314
1970-03-14,8986
1970-03-15,10168
1970-03-16,10782
1970-03-17,10574
1970-03-18,10408
1970-03-19,10264
1970-03-20,9720
1970-03-25,8882
1970-03-26,10170
1970-03-27,11306
1970-03-28,10600
1970-03-29,10258
1970-03-30,10504
1970-03-31,9460
1970-04-01,8926
1970-04-02,10340
1970-04-03,10744
1970-04-04,10410
1970-04-05,10180
1970-04-06,10140
1970-04-07,9450
1970-04-08,8596
1970-04-09,10058
1970-04-10,10694
1970-04-11,10278
1970-04-12,10100
1970-04-13,10206
1970-04-14,9390
1970-04-15,8784
1970-04-16,10334
1970-04-17,10556
1970-04-18,10148
1970-04-19,9886
1970-04-20,9792
1970-04-21,8764
1970-04-22,8314
1970-04-23,9766
1970-04-24,10172
1970-04-26,10002
1970-04-27,10134
1970-04-28,10116
1970-04-29,9234
1970-04-30,8522
1970-05-01,10052
1970-05-02,10474
1970-05-03,9950
1970-05-04,9898
1970-05-05,10072
1970-05-06,9040
1970-05-07,8214
1970-05-08,9470
1970-05-09,10100
1970-05-10,9824
1970-05-11,9668
1970-05-12,9706
1970-05-13,8786
1970-05-14,8174
1970-05-15,9574
1970-05-16,10098
1970-05-17,9714
1970-05-18,9518
1970-05-19,9860
1970-05-20,8824
1970-05-21,8278
1970-05-22,9910
1970-05-23,10300
1970-05-24,9728
1970-05-25,9684
1970-05-28,9946
1970-05-29,8740
1970-05-30,8036
1970-05-31,9752
1970-06-01,10136
1970-06-02,9712
1970-06-03,9632
1970-06-04,9836
1970-06-05,8996
1970-06-06,8428
1970-06-07,10080
1970-06-08,10436
1970-06-09,10026
1970-06-10,9812
1970-06-11,10214
1970-06-12,8946
1970-06-13,8030
1970-06-14,10022
1970-06-15,10436
1970-06-16,10044
1970-06-17,10244
1970-06-18,10362
1970-06-19,9424
1970-06-20,8718
1970-06-21,10076
1970-06-22,10598
1970-06-23,10034
1970-06-24,10040
1970-06-25,9984
1970-06-26,8868
1970-06-27,8388
1970-06-29,10124
1970-06-30,10882
1970-07-01,10270
1970-07-02,9964
1970-07-03,10060
1970-07-04,9516
1970-07-05,8500
1970-07-06,9946
1970-07-07,10764
1970-07-08,10330
1970-07-09,10518
1970-07-10,10774
1970-07-11,9212
1970-07-12,8614
1970-07-13,10216
1970-07-14,10878
1970-07-15,10610
1970-07-16,10520
1970-07-17,10390
1970-07-18,9600
1970-07-19,8568
1970-07-20,10352
1970-07-21,10678
1970-07-22,10644
1970-07-23,10326
1970-07-24,10622
1970-07-25,9672
1970-07-26,8728
1970-07-27,10506
1970-07-28,11378
1970-07-31,11108
1970-08-01,11234
1970-08-02,10516
1970-08-03,9380
1970-08-04,9020
1970-08-05,10518
1970-08-06,11292
1970-08-07,10896
1970-08-08,10716
1970-08-09,10862
1970-08-10,9690
1970-08-11,9184
1970-08-12,10568
1970-08-13,11828
1970-08-14,11078
1970-08-15,11048
1970-08-16,10938
1970-08-17,9966
1970-08-18,9520
1970-08-19,10982
1970-08-20,11448
1970-08-21,10682
1970-08-22,10844
1970-08-23,10956
1970-08-24,9866
1970-08-25,9466
1970-08-26,11052
1970-08-27,11858
1970-08-28,11354
1970-08-29,11056
1970-08-30,11300
1970-09-01,10416
1970-09-02,9282
1970-09-03,11180
1970-09-04,11180
1970-09-05,10872
1970-09-06,10836
1970-09-07,11022
1970-09-08,10232
1970-09-09,9458
1970-09-10,10846
1970-09-11,11566
1970-09-12,11484
1970-09-13,11060
1970-09-14,11538
1970-09-15,10236
1970-09-16,9616
1970-09-17,11032
1970-09-18,11648
1970-09-19,11134
1970-09-20,10868
1970-09-21,11050
1970-09-22,9958
1970-09-23,9274
1970-09-24,10456
1970-09-25,11384
1970-09-26,11306
1970-09-27,10664
1970-09-28,11004
1970-09-29,10042
1970-09-30,9392
1970-10-01,11078
1970-10-03,11350
1970-10-04,10936
1970-10-05,11088
1970-10-06,11366
1970-10-07,10216
1970-10-08,9486
1970-10-09,9564
1970-10-10,11310
1970-10-11,11860
1970-10-12,11654
1970-10-13,11592
1970-10-14,10218
1970-10-15,9544
1970-10-16,11304
1970-10-17,11904
1970-10-18,11704
1970-10-19,11472
1970-10-20,11546
1970-10-21,10492
1970-10-22,9976
1970-10-23,11614
1970-10-24,12466
1970-10-25,11798
1970-10-26,11448
1970-10-27,11916
1970-10-28,10404
1970-10-29,9816
1970-10-30,11340
1970-10-31,11564
1970-11-01,11244
1970-11-04,10782
1970-11-05,11210
1970-11-06,10492
1970-11-07,9372
1970-11-08,11048
1970-11-09,11582
1970-11-10,11020
1970-11-11,10772
1970-11-12,11196
1970-11-13,9790
1970-11-14,9214
1970-11-15,11016
1970-11-16,11236
1970-11-17,10882
1970-11-18,10644
1970-11-19,10704
1970-11-20,9490
1970-11-21,8924
1970-11-22,10500
1970-11-23,11138
1970-11-24,10716
1970-11-25,10478
1970-11-26,10654
1970-11-27,9598
1970-11-28,9266
1970-11-29,10616
1970-11-30,10956
1970-12-01,10262
1970-12-02,10122
1970-12-03,10614
1970-12-04,9592
1970-12-06,9070
1970-12-07,10568
1970-12-08,11146
1970-12-09,10622
1970-12-10,10454
1970-12-11,10722
1970-12-12,9460
1970-12-13,9132
1970-12-14,10562
1970-12-15,11328
1970-12-16,10612
1970-12-17,10704
1970-12-18,10850
1970-12-19,9828
1970-12-20,9282
1970-12-21,10690
1970-12-22,11182
1970-12-23,10914
1970-12-24,10828
1970-12-25,11126
1970-12-26,9926
1970-12-27,8926
1970-12-28,10940
1970-12-29,11152
1970-12-30,10542
1970-12-31,8712
1971-01-01,10038
1971-01-02,9670
1971-01-03,9190
1971-01-04,11126
1971-01-07,11328
1971-01-08,11180
1971-01-09,10368
1971-01-10,10872
1971-01-11,9610
1971-01-12,9272
1971-01-13,10720
1971-01-14,11220
1971-01-15,10708
1971-01-16,10756
1971-01-17,10704
1971-01-18,10040
1971-01-19,9204
1971-01-20,11070
1971-01-21,11884
1971-01-22,11586
1971-01-23,11234
1971-01-24,11708
1971-01-25,10518
1971-01-26,9322
1971-01-27,11372
1971-01-28,11008
1971-01-29,10070
1971-01-30,9120
1971-01-31,8490
1971-02-01,9366
1971-02-02,9314
1971-02-03,11640
1971-02-04,12448
1971-02-05,11932
1971-02-06,11210
1971-02-08,8848
1971-02-09,9226
1971-02-10,8798
1971-02-11,10044
1971-02-12,10538
1971-02-13,10146
1971-02-14,10030
1971-02-15,10486
1971-02-16,9280
1971-02-17,9116
1971-02-18,10824
1971-02-19,11064
1971-02-20,10664
1971-02-21,10364
1971-02-22,10874
1971-02-23,9590
1971-02-24,8806
1971-02-25,10974
1971-02-26,11020
1971-02-27,10598
1971-02-28,10492
1971-03-01,10730
1971-03-02,9802
1971-03-03,8994
1971-03-04,10558
1971-03-05,10996
1971-03-06,10442
1971-03-07,10392
1971-03-08,10274
1971-03-09,9772
1971-03-10,9064
1971-03-12,10410
1971-03-13,10804
1971-03-14,10296
1971-03-15,10170
1971-03-16,10868
1971-03-17,9478
1971-03-18,9038
1971-03-19,10266
1971-03-20,10778
1971-03-21,10354
1971-03-22,10372
1971-03-23,10786
1971-03-24,9314
1971-03-25,9068
1971-03-26,10056
1971-03-27,10514
1971-03-28,10442
1971-03-29,10228
1971-03-30,10472
1971-03-31,9502
1971-04-01,9194
1971-04-02,10752
1971-04-03,10782
1971-04-04,10532
1971-04-05,10402
1971-04-06,10738
1971-04-07,9586
1971-04-08,8810
1971-04-11,5036
1971-04-12,10260
1971-04-13,10694
1971-04-14,10414
1971-04-15,10254
1971-04-16,10092
1971-04-17,9180
1971-04-18,9218
1971-04-19,10444
1971-04-20,10690
1971-04-21,10414
1971-04-22,10382
1971-04-23,9984
1971-04-24,9142
1971-04-25,9634
1971-04-26,10266
1971-04-27,10358
1971-04-28,10044
1971-04-29,10100
1971-04-30,9948
1971-05-01,8832
1971-05-02,9278
1971-05-03,10360
1971-05-04,10154
1971-05-05,9858
1971-05-06,9832
1971-05-07,9380
1971-05-08,8742
1971-05-09,9362
1971-05-10,10462
1971-05-11,10222
1971-05-12,5258
1971-05-13,4818
1971-05-14,9958
1971-05-15,9502
1971-05-16,8710
1971-05-17,9184
1971-05-18,10096
1971-05-19,10178
1971-05-20,9778
1971-05-21,9642
1971-05-22,9170
1971-05-23,8446
1971-05-24,8840
1971-05-25,9986
1971-05-26,10180
1971-05-27,9796
1971-05-28,9794
1971-05-29,9460
1971-05-30,8524
1971-05-31,9156
1971-06-01,9830
1971-06-02,10278
1971-06-03,9776
1971-06-04,9702
1971-06-05,9334
1971-06-06,8398
1971-06-07,8976
1971-06-08,10238
1971-06-09,10104
1971-06-10,9608
1971-06-11,9812
1971-06-12,4994
1971-06-14,4312
1971-06-15,8398
1971-06-16,8586
1971-06-17,9472
1971-06-18,9654
1971-06-19,9190
1971-06-20,9610
1971-06-21,9174
1971-06-22,8462
1971-06-23,8866
1971-06-24,9704
1971-06-25,9968
1971-06-26,9586
1971-06-27,9384
1971-06-28,9120
1971-06-29,8246
1971-06-30,8796
1971-07-01,10178
1971-07-02,9984
1971-07-03,9726
1971-07-04,9560
1971-07-05,8920
1971-07-06,8024
1971-07-07,8842
1971-07-08,10028
1971-07-09,9866
1971-07-10,9776
1971-07-11,9532
1971-07-12,9248
1971-07-13,8140
1971-07-14,8060
1971-07-15,4478
1971-07-16,4852
1971-07-17,9780
1971-07-18,9918
1971-07-19,10234
1971-07-20,9524
1971-07-21,8802
1971-07-22,8818
1971-07-23,10164
1971-07-24,9802
1971-07-25,9670
1971-07-26,9550
1971-07-27,9576
1971-07-28,8304
1971-07-29,8866
1971-07-30,9760
1971-07-31,9990
1971-08-01,9686
1971-08-02,9768
1971-08-03,9154
1971-08-04,8482
1971-08-05,8900
1971-08-06,9978
1971-08-07,9698
1971-08-08,9738
1971-08-09,9968
1971-08-10,9578
1971-08-11,8570
1971-08-12,8940
1971-08-13,10146
1971-08-14,10092
1971-08-15,5166
1971-08-17,10130
1971-08-18,10014
1971-08-19,8696
1971-08-20,8126
1971-08-21,8646
1971-08-22,10180
1971-08-23,10542
1971-08-24,10176
1971-08-25,10496
1971-08-26,9160
1971-08-27,8474
1971-08-28,9928
1971-08-29,10506
1971-08-30,10494
1971-08-31,10064
1971-09-01,10550
1971-09-02,9424
1971-09-03,8608
1971-09-04,9974
1971-09-05,10460
1971-09-06,10414
1971-09-07,10264
1971-09-08,10540
1971-09-09,9454
1971-09-10,8650
1971-09-11,10256
1971-09-12,10786
1971-09-13,10330
1971-09-14,10274
1971-09-15,10572
1971-09-16,9308
1971-09-18,8574
1971-09-19,10324
1971-09-20,10940
1971-09-21,10532
1971-09-22,9980
1971-09-23,10258
1971-09-24,9448
1971-09-25,9104
1971-09-26,10336
1971-09-27,11164
1971-09-28,10846
1971-09-29,10282
1971-09-30,10368
1971-10-01,9620
1971-10-02,8836
1971-10-03,10178
1971-10-04,10626
1971-10-05,10442
1971-10-06,10386
1971-10-07,10870
1971-10-08,9654
1971-10-09,8866
1971-10-10,10398
1971-10-11,10704
1971-10-12,10334
1971-10-13,10544
1971-10-14,10394
1971-10-15,9524
1971-10-16,8720
1971-10-17,10068
1971-10-18,10766
1971-10-20,10416
1971-10-21,10218
1971-10-22,10788
1971-10-23,9566
1971-10-24,8852
1971-10-25,9252
1971-10-26,10854
1971-10-27,10988
1971-10-28,10982
1971-10-29,10910
1971-10-30,9542
1971-10-31,8916
1971-11-01,10582
1971-11-02,11034
1971-11-03,10716
1971-11-04,10780
1971-11-05,11004
1971-11-06,9882
1971-11-07,9110
1971-11-08,10702
1971-11-09,11064
1971-11-10,10586
1971-11-11,10708
1971-11-12,10862
1971-11-13,9584
1971-11-14,9380
1971-11-15,10786
1971-11-16,11472
1971-11-17,10990
1971-11-18,10908
1971-11-21,10922
1971-11-22,9606
1971-11-23,8800
1971-11-24,10606
1971-11-25,10874
1971-11-26,10344
1971-11-27,10292
1971-11-28,10396
1971-11-29,9070
1971-11-30,9060
1971-12-01,10266
1971-12-02,10530
1971-12-03,10210
1971-12-04,10186
1971-12-05,10180
1971-12-06,9150
1971-12-07,8504
1971-12-08,10198
1971-12-09,10490
1971-12-10,9870
1971-12-11,9990
1971-12-12,10042
1971-12-13,8732
1971-12-14,8416
1971-12-15,9566
1971-12-16,10054
1971-12-17,9896
1971-12-18,9802
1971-12-19,9922
1971-12-20,8614
1971-12-21,8616
1971-12-23,9636
1971-12-24,9966
1971-12-25,9794
1971-12-26,9516
1971-12-27,9862
1971-12-28,8700
1971-12-29,8232
1971-12-30,9740
1971-12-31,10166
1972-01-01,9690
1972-01-02,9560
1972-01-03,10108
1972-01-04,8848
1972-01-05,8358
1972-01-06,9860
1972-01-07,10138
1972-01-08,9726
1972-01-09,9838
1972-01-10,10136
1972-01-11,8932
1972-01-12,8286
1972-01-13,9894
1972-01-14,10132
1972-01-15,9586
1972-01-16,7566
1972-01-17,9142
1972-01-18,8562
1972-01-19,8240
1972-01-20,9748
1972-01-21,9766
1972-01-24,9634
1972-01-25,9166
1972-01-26,9292
1972-01-27,8792
1972-01-28,8254
1972-01-29,9732
1972-01-30,10026
1972-01-31,9564
1972-02-01,9526
1972-02-02,9878
1972-02-03,8588
1972-02-04,8102
1972-02-05,9502
1972-02-06,10186
1972-02-07,9886
1972-02-08,9770
1972-02-09,9936
1972-02-10,8522
1972-02-11,7952
1972-02-12,10102
1972-02-13,10306
1972-02-14,9018
1972-02-15,8266
1972-02-16,7826
1972-02-17,7240
1972-02-18,7620
1972-02-19,9692
1972-02-20,10494
1972-02-21,10180
1972-02-22,10156
1972-02-23,9174
1972-02-25,7693
1972-02-26,7795
1972-02-27,8936
1972-02-28,9241
1972-02-29,8952
1972-03-01,8738
1972-03-02,9330
1972-03-03,8242
1972-03-04,7911
1972-03-05,9347
1972-03-06,9788
1972-03-07,9312
1972-03-08,9285
1972-03-09,9622
1972-03-10,8035
1972-03-11,7664
1972-03-12,9422
1972-03-13,9872
1972-03-14,9426
1972-03-15,9341
1972-03-16,9368
1972-03-17,8810
1972-03-18,8148
1972-03-19,9646
1972-03-20,9778
1972-03-21,9156
1972-03-22,9056
1972-03-23,9177
1972-03-24,8232
1972-03-25,7926
1972-03-26,9271
1972-03-28,9663
1972-03-29,9370
1972-03-30,9227
1972-03-31,9359
1972-04-01,8323
1972-04-02,7965
1972-04-03,9295
1972-04-04,9598
1972-04-05,9000
1972-04-06,8945
1972-04-07,9357
1972-04-08,8571
1972-04-09,8009
1972-04-10,9864
1972-04-11,9667
1972-04-12,9574
1972-04-13,9425
1972-04-14,9652
1972-04-15,8350
1972-04-16,7936
1972-04-17,8807
1972-04-18,9715
1972-04-19,9357
1972-04-20,9239
1972-04-21,9495
1972-04-22,8601
1972-04-23,7591
1972-04-24,9297
1972-04-25,9582
1972-04-28,9621
1972-04-29,9275
1972-04-30,9605
1972-05-01,8424
1972-05-02,7720
1972-05-03,9126
1972-05-04,9482
1972-05-05,9231
1972-05-06,8905
1972-05-07,9110
1972-05-08,8243
1972-05-09,7865
1972-05-10,9267
1972-05-11,9593
1972-05-12,9246
1972-05-13,9046
1972-05-14,9489
1972-05-15,8076
1972-05-16,7658
1972-05-17,8805
1972-05-18,9060
1972-05-19,8921
1972-05-20,8878
1972-05-21,8893
1972-05-22,7926
1972-05-23,7549
1972-05-24,9083
1972-05-25,9267
1972-05-26,8881
1972-05-27,8644
1972-05-28,8740
1972-05-30,7558
1972-05-31,7359
1972-06-01,8704
1972-06-02,9321
1972-06-03,8887
1972-06-04,8971
1972-06-05,8970
1972-06-06,7891
1972-06-07,7535
1972-06-08,8698
1972-06-09,9180
1972-06-10,8967
1972-06-11,8987
1972-06-12,9192
1972-06-13,8107
1972-06-14,7565
1972-06-15,8859
1972-06-16,9301
1972-06-17,8827
1972-06-18,8828
1972-06-19,8719
1972-06-20,7833
1972-06-21,7335
1972-06-22,8906
1972-06-23,9313
1972-06-24,8644
1972-06-25,8719
1972-06-26,8852
1972-06-27,7807
1972-06-28,7212
1972-07-01,9045
1972-07-02,9333
1972-07-03,9100
1972-07-04,8754
1972-07-05,8919
1972-07-06,7789
1972-07-07,7607
1972-07-08,8976
1972-07-09,9274
1972-07-10,8908
1972-07-11,8746
1972-07-12,9080
1972-07-13,8026
1972-07-14,7529
1972-07-15,9059
1972-07-16,9373
1972-07-17,9107
1972-07-18,8809
1972-07-19,9016
1972-07-20,8032
1972-07-21,7368
1972-07-22,9248
1972-07-23,9655
1972-07-24,9146
1972-07-25,9293
1972-07-26,8986
1972-07-27,7975
1972-07-28,7607
1972-07-29,7852
1972-07-30,9202
1972-07-31,9451
1972-08-02,9177
1972-08-03,8857
1972-08-04,8075
1972-08-05,7587
1972-08-06,8727
1972-08-07,9273
1972-08-08,9083
1972-08-09,8764
1972-08-10,9117
1972-08-11,8135
1972-08-12,7338
1972-08-13,8697
1972-08-14,9204
1972-08-15,8860
1972-08-16,8931
1972-08-17,9198
1972-08-18,7780
1972-08-19,7438
1972-08-20,8850
1972-08-21,9169
1972-08-22,8832
1972-08-23,8539
1972-08-24,8787
1972-08-25,7905
1972-08-26,7587
1972-08-27,9199
1972-08-28,9415
1972-08-29,9275
1972-08-30,9215
1972-08-31,9179
1972-09-02,4151
1972-09-03,8026
1972-09-04,8320
1972-09-05,8487
1972-09-06,8539
1972-09-07,8898
1972-09-08,9438
1972-09-09,9174
1972-09-10,8049
1972-09-11,8391
1972-09-12,9527
1972-09-13,9700
1972-09-14,9496
1972-09-15,9550
1972-09-16,9263
1972-09-17,8308
1972-09-18,8805
1972-09-19,9541
1972-09-20,9488
1972-09-21,9399
1972-09-22,9700
1972-09-23,9061
1972-09-24,8306
1972-09-25,8644
1972-09-26,9504
1972-09-27,9504
1972-09-28,9440
1972-09-29,9418
1972-09-30,8922
1972-10-01,8096
1972-10-02,8283
1972-10-03,4824
1972-10-04,4814
1972-10-05,9661
1972-10-06,9234
1972-10-07,9470
1972-10-08,8997
1972-10-09,8311
1972-10-10,8506
1972-10-11,9545
1972-10-12,9874
1972-10-13,9453
1972-10-14,9344
1972-10-15,8958
1972-10-16,8417
1972-10-17,8808
1972-10-18,9891
1972-10-19,9991
1972-10-20,9475
1972-10-21,9823
1972-10-22,9143
1972-10-23,8517
1972-10-24,8937
1972-10-25,9846
1972-10-26,9822
1972-10-27,9490
1972-10-28,9670
1972-10-29,9093
1972-10-30,8316
1972-10-31,9000
1972-11-01,9863
1972-11-02,9853
1972-11-03,9513
1972-11-04,4911
1972-11-05,4649
1972-11-06,8910
1972-11-07,8294
1972-11-08,8101
1972-11-09,8931
1972-11-10,9870
1972-11-11,9799
1972-11-12,9876
1972-11-13,9609
1972-11-14,8614
1972-11-15,8778
1972-11-16,9911
1972-11-17,9987
1972-11-18,9864
1972-11-19,10181
1972-11-20,9814
1972-11-21,8716
1972-11-22,9333
1972-11-23,9950
1972-11-24,10056
1972-11-25,9727
1972-11-26,9840
1972-11-27,9257
1972-11-28,8527
1972-11-29,9301
1972-11-30,9860
1972-12-01,10121
1972-12-02,9802
1972-12-03,9595
1972-12-04,9248
1972-12-05,4493
1972-12-07,3818
1972-12-08,8845
1972-12-09,9567
1972-12-10,9688
1972-12-11,9373
1972-12-12,9604
1972-12-13,9091
1972-12-14,8076
1972-12-15,8509
1972-12-16,9463
1972-12-17,9492
1972-12-18,9403
1972-12-19,9260
1972-12-20,8905
1972-12-21,8053
1972-12-22,8489
1972-12-23,9166
1972-12-24,9281
1972-12-25,8959
1972-12-26,9087
1972-12-27,8600
1972-12-28,7791
1972-12-29,8259
1972-12-30,9188
1972-12-31,9039
1973-01-01,9229
1973-01-02,8916
1973-01-03,8569
1973-01-04,7907
1973-01-05,8331
1973-01-06,9166
1973-01-07,4755
1973-01-08,4459
1973-01-09,8934
1973-01-10,8999
1973-01-11,8770
1973-01-12,7715
1973-01-13,8234
1973-01-14,9371
1973-01-15,9428
1973-01-16,9181
1973-01-17,9072
1973-01-18,9006
1973-01-19,8211
1973-01-20,8307
1973-01-21,9250
1973-01-22,9156
1973-01-23,9242
1973-01-24,9007
1973-01-25,8700
1973-01-26,7955
1973-01-27,8764
1973-01-28,9316
1973-01-29,9422
1973-01-30,8417
1973-01-31,8038
1973-02-01,8368
1973-02-02,8121
1973-02-03,8414
1973-02-04,9561
1973-02-05,9523
1973-02-06,8892
1973-02-07,4780
1973-02-09,4486
1973-02-10,8550
1973-02-11,8048
1973-02-12,8508
1973-02-13,9464
1973-02-14,9401
1973-02-15,9375
1973-02-16,8927
1973-02-17,8740
1973-02-18,8081
1973-02-19,8559
1973-02-20,9745
1973-02-21,9585
1973-02-22,9450
1973-02-23,9319
1973-02-24,9231
1973-02-25,8325
1973-02-26,8759
1973-02-27,10205
1973-02-28,10200
1973-03-01,9507
1973-03-02,9294
1973-03-03,8068
1973-03-04,7202
1973-03-05,7352
1973-03-06,7986
1973-03-07,9156
1973-03-08,9943
1973-03-09,10176
1973-03-10,9127
1973-03-11,8200
1973-03-12,4102
1973-03-13,3694
1973-03-14,7755
1973-03-15,8637
1973-03-16,8797
1973-03-17,8966
1973-03-18,8251
1973-03-19,7547
1973-03-20,8039
1973-03-21,8621
1973-03-22,8619
1973-03-23,8718
1973-03-24,9227
1973-03-25,8622
1973-03-26,7940
1973-03-27,8279
1973-03-28,8994
1973-03-29,9193
1973-03-30,9164
1973-03-31,9219
1973-04-01,8770
1973-04-02,7874
1973-04-03,8263
1973-04-04,9192
1973-04-05,9039
1973-04-06,9002
1973-04-07,8954
1973-04-08,8491
1973-04-09,7967
1973-04-10,8286
1973-04-11,9000
1973-04-12,8932
1973-04-13,4377
1973-04-14,4209
1973-04-15,8594
1973-04-16,8648
1973-04-17,7713
1973-04-18,8250
1973-04-19,9028
1973-04-20,9106
1973-04-21,8839
1973-04-22,8847
1973-04-23,8536
1973-04-24,7871
1973-04-25,8083
1973-04-26,8884
1973-04-27,9062
1973-04-28,8887
1973-04-29,9037
1973-04-30,8515
1973-05-01,7790
1973-05-02,7957
1973-05-03,8978
1973-05-04,9102
1973-05-05,9178
1973-05-06,8901
1973-05-07,8696
1973-05-08,8063
1973-05-09,8362
1973-05-10,8875
1973-05-11,9049
1973-05-12,4583
1973-05-14,4348
1973-05-15,9225
1973-05-16,8945
1973-05-17,7984
1973-05-18,8406
1973-05-19,9272
1973-05-20,9219
1973-05-21,9193
1973-05-22,9007
1973-05-23,8653
1973-05-24,7947
1973-05-25,8336
1973-05-26,9248
1973-05-27,9318
1973-05-28,8906
1973-05-29,9062
1973-05-30,8425
1973-05-31,7785
1973-06-01,8179
1973-06-02,8808
1973-06-03,9043
1973-06-04,8790
1973-06-05,8753
1973-06-06,8636
1973-06-07,7726
1973-06-08,8060
1973-06-09,9197
1973-06-10,8937
1973-06-11,8740
1973-06-12,8849
1973-06-13,8408
1973-06-14,4077
1973-06-15,3709
1973-06-16,8114
1973-06-17,8862
1973-06-18,8957
1973-06-19,8660
1973-06-20,8650
1973-06-21,8304
1973-06-22,7740
1973-06-23,7903
1973-06-24,8667
1973-06-25,8760
1973-06-26,8640
1973-06-27,8570
1973-06-28,8268
1973-06-29,7150
1973-06-30,7911
1973-07-01,8896
1973-07-02,8793
1973-07-03,8845
1973-07-04,8413
1973-07-05,8183
1973-07-06,7239
1973-07-07,7743
1973-07-08,8422
1973-07-09,8655
1973-07-10,8467
1973-07-11,8465
1973-07-12,8017
1973-07-13,7027
1973-07-14,7639
1973-07-15,4383
1973-07-17,8846
1973-07-18,8501
1973-07-19,8321
1973-07-20,8296
1973-07-21,7546
1973-07-22,6892
1973-07-23,8274
1973-07-24,8980
1973-07-25,8626
1973-07-26,8438
1973-07-27,8619
1973-07-28,7439
1973-07-29,6989
1973-07-30,8236
1973-07-31,8776
1973-08-01,8545
1973-08-02,8549
1973-08-03,8584
1973-08-04,7699
1973-08-05,7165
1973-08-06,8661
1973-08-07,8767
1973-08-08,8506
1973-08-09,8429
1973-08-10,9097
1973-08-11,7708
1973-08-12,7179
1973-08-13,7303
1973-08-14,8909
1973-08-15,8785
1973-08-16,8588
1973-08-18,8855
1973-08-19,7846
1973-08-20,7209
1973-08-21,8505
1973-08-22,8898
1973-08-23,8706
1973-08-24,8786
1973-08-25,8801
1973-08-26,7930
1973-08-27,7330
1973-08-28,8896
1973-08-29,9026
1973-08-30,8730
1973-08-31,8625
1973-09-01,8822
1973-09-02,8025
1973-09-03,7405
1973-09-04,8959
1973-09-05,9046
1973-09-06,8702
1973-09-07,8782
1973-09-08,8928
1973-09-09,7782
1973-09-10,7281
1973-09-11,8790
1973-09-12,9081
1973-09-13,9012
1973-09-14,9068
1973-09-15,9008
1973-09-16,7931
1973-09-19,7561
1973-09-20,9003
1973-09-21,9829
1973-09-22,7910
1973-09-23,9168
1973-09-24,9450
1973-09-25,8352
1973-09-26,7787
1973-09-27,9326
1973-09-28,9627
1973-09-29,9197
1973-09-30,8939
1973-10-01,9028
1973-10-02,8445
1973-10-03,7551
1973-10-04,9090
1973-10-05,9639
1973-10-06,9272
1973-10-07,9290
1973-10-08,9470
1973-10-09,8295
1973-10-10,7644
1973-10-11,9236
1973-10-12,9450
1973-10-13,9493
1973-10-14,9332
1973-10-15,9416
1973-10-16,8424
1973-10-17,7745
1973-10-18,9225
1973-10-19,9702
1973-10-21,9437
1973-10-22,9399
1973-10-23,9421
1973-10-24,8095
1973-10-25,7616
1973-10-26,9444
1973-10-27,9770
1973-10-28,9598
1973-10-29,9418
1973-10-30,9829
1973-10-31,8192
1973-11-01,7908
1973-11-02,9208
1973-11-03,9842
1973-11-04,9540
1973-11-05,9283
1973-11-06,9309
1973-11-07,8280
1973-11-08,7781
1973-11-09,9467
1973-11-10,9641
1973-11-11,9417
1973-11-12,9049
1973-11-13,9348
1973-11-14,8320
1973-11-15,7978
1973-11-16,9497
1973-11-17,9701
1973-11-18,9408
1973-11-19,9556
1973-11-20,9391
1973-11-22,8400
1973-11-23,7707
1973-11-24,7781
1973-11-25,9514
1973-11-26,9897
1973-11-27,9211
1973-11-28,9417
1973-11-29,8257
1973-11-30,7961
1973-12-01,9165
1973-12-02,9701
1973-12-03,9303
1973-12-04,9106
1973-12-05,9669
1973-12-06,8507
1973-12-07,7994
1973-12-08,9538
1973-12-09,9625
1973-12-10,9364
1973-12-11,9768
1973-12-12,9617
1973-12-13,8731
1973-12-14,8256
1973-12-15,9611
1973-12-16,10089
1973-12-17,9795
1973-12-18,9597
1973-12-19,9547
1973-12-20,8433
1973-12-21,8014
1973-12-24,9297
1973-12-25,9676
1973-12-26,9069
1973-12-27,8949
1973-12-28,9247
1973-12-29,8174
1973-12-30,7616
1973-12-31,9056
1974-01-01,9309
1974-01-02,9127
1974-01-03,8822
1974-01-04,8928
1974-01-05,7928
1974-01-06,7443
1974-01-07,8823
1974-01-08,9105
1974-01-09,8714
1974-01-10,8702
1974-01-11,8853
1974-01-12,7637
1974-01-13,7046
1974-01-14,8430
1974-01-15,9255
1974-01-16,8805
1974-01-17,8507
1974-01-18,8753
1974-01-19,7746
1974-01-20,7374
1974-01-21,8564
1974-01-22,8728
1974-01-23,8695
1974-01-25,8763
1974-01-26,8759
1974-01-27,7741
1974-01-28,7245
1974-01-29,8712
1974-01-30,8608
1974-01-31,8716
1974-02-01,8646
1974-02-02,8997
1974-02-03,7859
1974-02-04,7420
1974-02-05,8684
1974-02-06,9149
1974-02-07,8839
1974-02-08,8721
1974-02-09,9139
1974-02-10,7877
1974-02-11,7420
1974-02-12,8875
1974-02-13,9399
1974-02-14,8596
1974-02-15,7049
1974-02-16,8242
1974-02-17,7760
1974-02-18,7379
1974-02-19,9052
1974-02-20,9345
1974-02-21,8592
1974-02-22,8552
1974-02-23,8590
1974-02-25,3704
1974-02-26,7533
1974-02-27,8006
1974-02-28,8870
1974-03-01,8963
1974-03-02,8790
1974-03-03,8593
1974-03-04,8012
1974-03-05,7711
1974-03-06,8012
1974-03-07,8946
1974-03-08,9009
1974-03-09,8732
1974-03-10,9055
1974-03-11,8434
1974-03-12,7766
1974-03-13,8520
1974-03-14,9336
1974-03-15,9658
1974-03-16,9087
1974-03-17,8869
1974-03-18,8373
1974-03-19,7220
1974-03-20,7214
1974-03-21,7198
1974-03-22,7494
1974-03-23,8761
1974-03-24,9629
1974-03-25,9348
1974-03-26,7700
1974-03-27,8218
1974-03-28,4567
1974-03-29,3311
1974-03-30,7489
1974-03-31,8024
1974-04-01,8647
1974-04-02,8377
1974-04-03,7496
1974-04-04,7810
1974-04-05,8912
1974-04-06,8370
1974-04-07,8621
1974-04-08,8749
1974-04-09,8384
1974-04-10,7611
1974-04-11,8026
1974-04-12,8753
1974-04-13,8862
1974-04-14,8862
1974-04-15,8817
1974-04-16,8310
1974-04-17,7515
1974-04-18,8311
1974-04-19,8888
1974-04-20,8697
1974-04-21,8466
1974-04-22,8822
1974-04-23,8167
1974-04-24,7656
1974-04-25,7947
1974-04-26,8748
1974-04-27,8634
1974-04-28,8581
1974-04-29,4406
1974-04-30,4295
1974-05-01,8303
1974-05-02,7582
1974-05-03,8194
1974-05-04,8667
1974-05-05,8897
1974-05-06,8687
1974-05-07,8800
1974-05-08,8181
1974-05-09,7451
1974-05-10,8045
1974-05-11,8803
1974-05-12,8844
1974-05-13,8721
1974-05-14,9101
1974-05-15,8519
1974-05-16,7670
1974-05-17,7966
1974-05-18,8808
1974-05-19,9115
1974-05-20,8754
1974-05-21,8912
1974-05-22,8620
1974-05-23,7895
1974-05-24,7911
1974-05-25,8794
1974-05-26,8845
1974-05-27,8517
1974-05-28,4373
1974-05-31,4327
1974-06-01,8604
1974-06-02,7821
1974-06-03,8270
1974-06-04,8899
1974-06-05,9137
1974-06-06,8679
1974-06-07,8743
1974-06-08,8415
1974-06-09,7791
1974-06-10,8000
1974-06-11,8975
1974-06-12,8634
1974-06-13,8572
1974-06-14,8527
1974-06-15,8436
1974-06-16,7509
1974-06-17,7828
1974-06-18,8909
1974-06-19,8677
1974-06-20,8341
1974-06-21,8674
1974-06-22,8294
1974-06-23,7437
1974-06-24,7722
1974-06-25,8681
1974-06-26,8534
1974-06-27,8593
1974-06-28,8567
1974-06-29,8018
1974-06-30,7440
1974-07-01,3767
1974-07-02,4233
1974-07-03,8806
1974-07-04,8869
1974-07-05,8555
1974-07-06,8538
1974-07-07,7978
1974-07-08,7311
1974-07-09,7918
1974-07-10,8486
1974-07-11,8486
1974-07-12,8671
1974-07-13,8100
1974-07-14,8205
1974-07-15,7332
1974-07-16,7605
1974-07-17,8510
1974-07-18,8649
1974-07-19,8487
1974-07-20,8327
1974-07-21,7965
1974-07-22,7469
1974-07-23,7868
1974-07-24,8705
1974-07-25,8917
1974-07-26,8617
1974-07-27,8550
1974-07-28,8186
1974-07-29,7292
1974-07-30,7594
1974-07-31,8562
1974-08-01,4478
1974-08-03,4037
1974-08-04,8549
1974-08-05,8294
1974-08-06,8154
1974-08-07,7189
1974-08-08,7620
1974-08-09,8567
1974-08-10,8629
1974-08-11,8516
1974-08-12,8605
1974-08-13,8221
1974-08-14,7353
1974-08-15,7917
1974-08-16,8645
1974-08-17,8980
1974-08-18,8963
1974-08-19,8668
1974-08-20,8280
1974-08-21,7288
1974-08-22,7706
1974-08-23,8932
1974-08-24,9043
1974-08-25,8606
1974-08-26,8812
1974-08-27,8274
1974-08-28,7351
1974-08-29,7063
1974-08-30,8045
1974-08-31,8822
1974-09-01,8891
1974-09-02,9145
1974-09-03,4590
1974-09-04,3535
1974-09-05,7337
1974-09-06,7566
1974-09-07,8710
1974-09-08,8817
1974-09-09,8718
1974-09-10,8840
1974-09-11,8333
1974-09-12,7214
1974-09-13,8114
1974-09-14,8903
1974-09-15,8538
1974-09-16,8480
1974-09-17,8780
1974-09-18,8289
1974-09-19,7413
1974-09-20,7984
1974-09-21,8747
1974-09-22,9016
1974-09-23,8816
1974-09-24,9083
1974-09-25,8627
1974-09-26,7685
1974-09-27,7814
1974-09-28,8759
1974-09-29,9015
1974-09-30,8925
1974-10-01,9020
1974-10-02,8617
1974-10-03,7720
1974-10-04,3899
1974-10-06,4524
1974-10-07,9558
1974-10-08,9664
1974-10-09,8945
1974-10-10,8448
1974-10-11,8680
1974-10-12,7907
1974-10-13,8507
1974-10-14,9787
1974-10-15,9695
1974-10-16,9230
1974-10-17,9199
1974-10-18,8839
1974-10-19,7931
1974-10-20,8404
1974-10-21,9493
1974-10-22,9646
1974-10-23,9149
1974-10-24,9404
1974-10-25,8938
1974-10-26,8051
1974-10-27,8283
1974-10-28,9680
1974-10-29,9734
1974-10-30,9219
1974-10-31,9601
1974-11-01,8950
1974-11-02,8232
1974-11-03,8638
1974-11-04,9577
1974-11-05,9770
1974-11-06,4874
1974-11-07,4787
1974-11-08,9684
1974-11-09,9031
1974-11-10,8217
1974-11-11,8384
1974-11-12,9421
1974-11-13,9906
1974-11-14,9481
1974-11-15,9704
1974-11-16,9017
1974-11-17,8176
1974-11-18,8644
1974-11-19,9926
1974-11-20,9993
1974-11-21,9574
1974-11-22,9712
1974-11-23,9342
1974-11-24,8358
1974-11-25,8738
1974-11-26,9878
1974-11-27,9881
1974-11-28,9661
1974-11-29,9575
1974-11-30,9090
1974-12-01,8140
1974-12-02,8668
1974-12-03,9805
1974-12-04,9908
1974-12-05,9507
1974-12-06,9673
1974-12-07,9244
1974-12-08,4347
1974-12-09,3912
1974-12-10,7862
1974-12-11,8909
1974-12-12,9621
1974-12-13,9725
1974-12-14,9535
1974-12-15,9213
1974-12-16,8275
1974-12-17,8734
1974-12-18,9983
1974-12-19,9897
1974-12-20,9906
1974-12-21,9797
1974-12-22,9342
1974-12-23,8686
1974-12-24,8999
1974-12-25,10272
1974-12-26,10141
1974-12-27,10033
1974-12-28,10057
1974-12-29,9682
1974-12-30,8901
1974-12-31,9298
1975-01-01,10381
1975-01-02,10058
1975-01-03,10111
1975-01-04,10315
1975-01-05,9707
1975-01-06,8960
1975-01-07,9110
1975-01-08,5221
1975-01-10,4844
1975-01-11,10223
1975-01-12,9818
1975-01-13,9850
1975-01-14,9239
1975-01-15,8401
1975-01-16,8985
1975-01-17,9719
1975-01-18,9710
1975-01-19,9530
1975-01-20,9658
1975-01-21,9159
1975-01-22,7980
1975-01-23,8532
1975-01-24,9313
1975-01-25,9378
1975-01-26,9292
1975-01-27,9410
1975-01-28,8803
1975-01-29,7914
1975-01-30,8174
1975-01-31,9186
1975-02-01,9136
1975-02-02,8882
1975-02-03,8932
1975-02-04,8782
1975-02-05,8121
1975-02-06,8250
1975-02-07,9093
1975-02-08,9407
1975-02-09,8957
1975-02-10,4587
1975-02-11,4415
1975-02-12,8820
1975-02-13,7659
1975-02-14,8275
1975-02-15,9258
1975-02-16,9214
1975-02-17,9052
1975-02-18,8844
1975-02-19,8397
1975-02-20,7713
1975-02-21,8332
1975-02-22,9196
1975-02-23,9286
1975-02-24,8958
1975-02-25,9022
1975-02-26,8538
1975-02-27,7619
1975-02-28,8289
1975-03-01,9270
1975-03-02,9466
1975-03-03,9184
1975-03-04,8977
1975-03-05,8678
1975-03-06,7721
1975-03-07,8166
1975-03-08,9134
1975-03-09,9291
1975-03-10,8233
1975-03-11,7849
1975-03-12,8074
1975-03-13,3976
1975-03-15,3693
1975-03-16,8346
1975-03-17,9430
1975-03-18,9355
1975-03-19,8851
1975-03-20,9172
1975-03-21,8511
1975-03-22,7833
1975-03-23,8186
1975-03-24,9159
1975-03-25,9151
1975-03-26,8889
1975-03-27,9081
1975-03-28,8284
1975-03-29,7622
1975-03-30,8381
1975-03-31,9402
1975-04-01,9571
1975-04-02,9234
1975-04-03,9481
1975-04-04,8705
1975-04-05,7514
1975-04-06,7497
1975-04-07,7712
1975-04-08,7315
1975-04-09,7517
1975-04-10,9140
1975-04-11,8851
1975-04-12,7889
1975-04-13,8295
1975-04-14,9878
1975-04-15,4820
1975-04-16,3469
1975-04-17,7487
1975-04-18,8052
1975-04-19,8040
1975-04-20,7477
1975-04-21,7761
1975-04-22,8552
1975-04-23,8686
1975-04-24,8478
1975-04-25,8610
1975-04-26,8363
1975-04-27,7717
1975-04-28,7809
1975-04-29,8925
1975-04-30,9039
1975-05-01,8825
1975-05-02,8824
1975-05-03,8311
1975-05-04,7861
1975-05-05,8131
1975-05-06,8988
1975-05-07,8733
1975-05-08,8690
1975-05-09,8805
1975-05-10,8403
1975-05-11,7849
1975-05-12,8345
1975-05-13,8985
1975-05-14,9051
1975-05-15,8625
1975-05-16,8619
1975-05-17,4514
1975-05-18,3735
1975-05-19,7506
1975-05-20,8111
1975-05-21,9096
1975-05-22,8899
1975-05-23,8488
1975-05-24,8779
1975-05-25,8414
1975-05-26,7688
1975-05-27,8205
1975-05-28,8913
1975-05-29,9017
1975-05-30,8791
1975-05-31,9138
1975-06-01,8460
1975-06-02,7921
1975-06-03,7916
1975-06-04,8653
1975-06-05,9050
1975-06-06,8953
1975-06-07,9082
1975-06-08,8307
1975-06-09,7552
1975-06-10,8070
1975-06-11,8999
1975-06-12,9012
1975-06-13,8596
1975-06-14,8888
1975-06-15,4556
1975-06-18,7921
1975-06-19,7387
1975-06-20,8963
1975-06-21,9037
1975-06-22,8854
1975-06-23,8840
1975-06-24,9055
1975-06-25,7804
1975-06-26,7146
1975-06-27,8568
1975-06-28,9239
1975-06-29,8933
1975-06-30,8610
1975-07-01,9098
1975-07-02,7591
1975-07-03,7235
1975-07-04,9000
1975-07-05,9090
1975-07-06,8867
1975-07-07,8926
1975-07-08,9072
1975-07-09,8038
1975-07-10,7522
1975-07-11,8784
1975-07-12,9206
1975-07-13,8912
1975-07-14,8553
1975-07-15,8799
1975-07-16,7630
1975-07-17,7171
1975-07-18,8522
1975-07-20,8871
1975-07-21,8770
1975-07-22,8901
1975-07-23,8616
1975-07-24,7581
1975-07-25,7162
1975-07-26,8501
1975-07-27,9120
1975-07-28,8823
1975-07-29,8577
1975-07-30,8931
1975-07-31,7550
1975-08-01,7002
1975-08-02,8450
1975-08-03,9114
1975-08-04,8676
1975-08-05,8536
1975-08-06,9131
1975-08-07,7614
1975-08-08,7029
1975-08-09,8448
1975-08-10,8944
1975-08-11,8511
1975-08-12,8526
1975-08-13,8855
1975-08-14,7637
1975-08-15,7162
1975-08-16,8749
1975-08-17,9251
1975-08-18,8661
1975-08-21,8654
1975-08-22,8671
1975-08-23,7579
1975-08-24,7196
1975-08-25,8517
1975-08-26,8961
1975-08-27,8467
1975-08-28,8551
1975-08-29,8861
1975-08-30,7468
1975-08-31,7228
1975-09-01,9038
1975-09-02,9247
1975-09-03,8905
1975-09-04,8834
1975-09-05,8918
1975-09-06,8009
1975-09-07,7269
1975-09-08,8828
1975-09-09,9554
1975-09-10,9043
1975-09-11,9120
1975-09-12,9133
1975-09-13,7806
1975-09-14,7512
1975-09-15,7532
1975-09-16,8792
1975-09-17,8912
1975-09-18,8982
1975-09-19,9000
1975-09-20,7619
1975-09-22,7244
1975-09-23,8555
1975-09-24,8996
1975-09-25,8742
1975-09-26,8783
1975-09-27,9112
1975-09-28,7642
1975-09-29,7149
1975-09-30,8623
1975-10-01,8997
1975-10-02,8844
1975-10-03,8954
1975-10-04,8763
1975-10-05,7991
1975-10-06,7271
1975-10-07,8681
1975-10-08,9212
1975-10-09,9050
1975-10-10,9115
1975-10-11,9039
1975-10-12,7959
1975-10-13,7413
1975-10-14,9159
1975-10-15,9400
1975-10-16,9114
1975-10-17,9024
1975-10-18,8955
1975-10-19,8129
1975-10-20,7413
1975-10-21,9051
1975-10-24,9512
1975-10-25,9340
1975-10-26,9393
1975-10-27,7917
1975-10-28,7988
1975-10-29,7714
1975-10-30,9474
1975-10-31,10078
1975-11-01,9417
1975-11-02,9224
1975-11-03,9451
1975-11-04,7853
1975-11-05,7399
1975-11-06,9295
1975-11-07,9624
1975-11-08,9370
1975-11-09,9486
1975-11-10,9468
1975-11-11,8370
1975-11-12,7815
1975-11-13,9519
1975-11-14,9965
1975-11-15,9751
1975-11-16,9498
1975-11-17,9495
1975-11-18,8132
1975-11-19,7952
1975-11-20,9373
1975-11-21,9872
1975-11-22,9389
1975-11-23,9460
1975-11-25,9708
1975-11-26,8578
1975-11-27,8075
1975-11-28,9590
1975-11-29,9617
1975-11-30,9653
1975-12-01,9266
1975-12-02,9253
1975-12-03,8016
1975-12-04,7686
1975-12-05,9395
1975-12-06,9824
1975-12-07,9493
1975-12-08,9568
1975-12-09,9643
1975-12-10,8505
1975-12-11,8045
1975-12-12,9115
1975-12-13,9524
1975-12-14,9480
1975-12-15,9278
1975-12-16,9443
1975-12-17,8365
1975-12-18,7982
1975-12-19,9414
1975-12-20,9907
1975-12-21,9457
1975-12-22,9371
1975-12-23,9587
1975-12-24,8281
1975-12-25,7660
1975-12-27,7804
1975-12-28,9425
1975-12-29,9529
1975-12-30,9313
1975-12-31,9525
1976-01-01,8466
1976-01-02,7982
1976-01-03,9253
1976-01-04,9662
1976-01-05,9265
1976-01-06,9342
1976-01-07,10013
1976-01-08,8310
1976-01-09,7745
1976-01-10,9382
1976-01-11,9813
1976-01-12,9591
1976-01-13,9743
1976-01-14,9910
1976-01-15,8541
1976-01-16,8217
1976-01-17,9570
1976-01-18,9933
1976-01-19,9579
1976-01-20,9430
1976-01-21,9579
1976-01-22,8632
1976-01-23,7971
1976-01-24,9396
1976-01-25,9665
1976-01-28,9732
1976-01-29,9435
1976-01-30,9286
1976-01-31,8310
1976-02-01,7965
1976-02-02,9181
1976-02-03,9464
1976-02-04,9252
1976-02-05,9229
1976-02-06,9212
1976-02-07,7985
1976-02-08,7601
1976-02-09,8897
1976-02-10,9209
1976-02-11,9234
1976-02-12,8725
1976-02-13,8983
1976-02-14,7719
1976-02-15,7334
1976-02-16,8604
1976-02-17,8919
1976-02-18,8572
1976-02-19,8633
1976-02-20,8886
1976-02-21,7697
1976-02-22,7442
1976-02-23,8597
1976-02-24,8761
1976-02-25,8713
1976-02-26,8527
1976-02-27,8548
1976-02-28,3773
1976-02-29,7427
1976-03-01,8047
1976-03-02,8876
1976-03-03,8773
1976-03-04,8813
1976-03-05,8821
1976-03-06,8472
1976-03-07,7627
1976-03-08,8203
1976-03-09,8945
1976-03-10,8768
1976-03-11,8745
1976-03-12,8826
1976-03-13,8398
1976-03-14,7404
1976-03-15,7846
1976-03-16,8806
1976-03-17,8805
1976-03-18,8722
1976-03-19,8790
1976-03-20,8413
1976-03-21,7514
1976-03-22,8233
1976-03-23,9113
1976-03-24,9214
1976-03-25,8099
1976-03-26,7940
1976-03-27,7953
1976-03-28,7466
1976-03-29,3898
1976-03-31,8834
1976-04-01,9102
1976-04-02,8813
1976-04-03,8671
1976-04-04,8856
1976-04-05,7733
1976-04-06,7428
1976-04-07,8911
1976-04-08,9024
1976-04-09,8958
1976-04-10,8778
1976-04-11,9024
1976-04-12,7865
1976-04-13,7528
1976-04-14,9070
1976-04-15,9556
1976-04-16,9212
1976-04-17,9368
1976-04-18,9328
1976-04-19,7912
1976-04-20,7348
1976-04-21,8585
1976-04-22,8767
1976-04-23,7737
1976-04-24,7145
1976-04-25,8598
1976-04-26,7950
1976-04-27,7328
1976-04-28,9397
1976-04-29,10144
1976-04-30,9578
1976-05-02,7302
1976-05-03,7994
1976-05-04,7458
1976-05-05,7251
1976-05-06,8252
1976-05-07,8945
1976-05-08,8611
1976-05-09,8417
1976-05-10,8585
1976-05-11,7634
1976-05-12,7236
1976-05-13,8708
1976-05-14,9048
1976-05-15,8951
1976-05-16,8736
1976-05-17,8847
1976-05-18,7969
1976-05-19,7148
1976-05-20,8893
1976-05-21,9002
1976-05-22,8639
1976-05-23,8893
1976-05-24,8771
1976-05-25,7866
1976-05-26,7519
1976-05-27,8550
1976-05-28,8877
1976-05-29,8659
1976-05-30,8699
1976-05-31,8792
1976-06-01,7702
1976-06-03,7472
1976-06-04,8858
1976-06-05,8846
1976-06-06,8766
1976-06-07,8674
1976-06-08,8817
1976-06-09,7684
1976-06-10,7356
1976-06-11,8541
1976-06-12,9222
1976-06-13,8707
1976-06-14,8779
1976-06-15,8666
1976-06-16,7855
1976-06-17,7330
1976-06-18,8576
1976-06-19,9072
1976-06-20,8826
1976-06-21,8599
1976-06-22,8845
1976-06-23,7752
1976-06-24,7337
1976-06-25,8687
1976-06-26,8734
1976-06-27,8572
1976-06-28,8714
1976-06-29,8742
1976-06-30,7932
1976-07-01,7559
1976-07-03,4369
1976-07-04,8868
1976-07-05,9000
1976-07-06,8712
1976-07-07,8620
1976-07-08,8215
1976-07-09,7473
1976-07-10,7783
1976-07-11,8549
1976-07-12,8586
1976-07-13,8596
1976-07-14,8580
1976-07-15,8184
1976-07-16,7471
1976-07-17,7761
1976-07-18,8520
1976-07-19,8663
1976-07-20,8552
1976-07-21,8608
1976-07-22,8271
1976-07-23,7602
1976-07-24,7922
1976-07-25,8622
1976-07-26,8598
1976-07-27,8555
1976-07-28,8825
1976-07-29,8071
1976-07-30,7590
1976-07-31,7908
1976-08-01,8614
1976-08-02,8730
1976-08-03,4430
1976-08-04,4126
1976-08-05,8460
1976-08-06,8037
1976-08-07,7525
1976-08-08,7949
1976-08-09,8298
1976-08-10,8684
1976-08-11,8482
1976-08-12,8390
1976-08-13,7865
1976-08-14,7235
1976-08-15,7776
1976-08-16,8496
1976-08-17,8465
1976-08-18,8660
1976-08-19,8539
1976-08-20,7936
1976-08-21,7243
1976-08-22,7715
1976-08-23,8703
1976-08-24,8696
1976-08-25,8451
1976-08-26,8556
1976-08-27,7874
1976-08-28,7043
1976-08-29,7482
1976-08-30,8448
1976-08-31,8507
1976-09-01,8143
1976-09-02,8256
1976-09-03,4238
1976-09-05,7612
1976-09-06,7090
1976-09-07,8233
1976-09-08,8783
1976-09-09,8602
1976-09-10,8520
1976-09-11,8640
1976-09-12,7379
1976-09-13,6675
1976-09-14,8572
1976-09-15,8876
1976-09-16,8384
1976-09-17,8239
1976-09-18,8627
1976-09-19,7509
1976-09-20,7157
1976-09-21,8740
1976-09-22,8594
1976-09-23,8489
1976-09-24,8414
1976-09-25,8733
1976-09-26,7465
1976-09-27,7014
1976-09-28,8754
1976-09-29,8861
1976-09-30,8433
1976-10-01,8530
1976-10-02,8898
1976-10-03,7745
1976-10-04,7203
1976-10-05,7587
1976-10-07,8927
1976-10-08,8749
1976-10-09,8786
1976-10-10,8854
1976-10-11,7390
1976-10-12,7303
1976-10-13,8415
1976-10-14,9107
1976-10-15,8802
1976-10-16,8986
1976-10-17,9060
1976-10-18,7894
1976-10-19,7440
1976-10-20,8972
1976-10-21,9060
1976-10-22,8968
1976-10-23,8831
1976-10-24,8833
1976-10-25,7829
1976-10-26,7397
1976-10-27,8464
1976-10-28,9048
1976-10-29,8903
1976-10-30,9017
1976-10-31,9126
1976-11-01,7827
1976-11-02,7614
1976-11-03,9071
1976-11-04,9487
1976-11-05,9132
1976-11-07,4403
1976-11-08,9217
1976-11-09,8626
1976-11-10,7986
1976-11-11,7641
1976-11-12,8432
1976-11-13,9567
1976-11-14,9760
1976-11-15,9605
1976-11-16,8976
1976-11-17,7979
1976-11-18,8651
1976-11-19,9460
1976-11-20,9271
1976-11-21,9595
1976-11-22,9483
1976-11-23,8803
1976-11-24,7988
1976-11-25,8305
1976-11-26,9451
1976-11-27,9348
1976-11-28,9478
1976-11-29,9423
1976-11-30,9001
1976-12-01,8202
1976-12-02,8420
1976-12-03,9664
1976-12-04,9453
1976-12-05,9128
1976-12-06,9554
1976-12-07,8932
1976-12-08,4267
1976-12-09,3863
1976-12-10,8371
1976-12-11,9365
1976-12-12,9299
1976-12-13,9206
1976-12-14,9639
1976-12-15,8874
1976-12-16,8267
1976-12-17,8737
1976-12-18,9544
1976-12-19,9621
1976-12-20,9386
1976-12-21,9745
1976-12-22,8939
1976-12-23,8103
1976-12-24,8488
1976-12-25,9500
1976-12-26,9545
1976-12-27,9546
1976-12-28,9278
1976-12-29,9080
1976-12-30,8577
1976-12-31,8738
1977-01-01,9753
1977-01-02,9691
1977-01-03,9599
1977-01-04,9788
1977-01-05,9034
1977-01-06,8312
1977-01-07,8555
1977-01-08,9368
1977-01-09,4963
1977-01-10,4654
1977-01-11,9352
1977-01-12,9485
1977-01-13,8963
1977-01-14,8248
1977-01-15,7807
1977-01-16,8951
1977-01-17,9859
1977-01-18,10100
1977-01-19,9992
1977-01-20,9298
1977-01-21,8234
1977-01-22,8843
1977-01-23,9944
1977-01-24,10088
1977-01-25,9961
1977-01-26,9881
1977-01-27,9508
1977-01-28,8550
1977-01-29,9428
1977-01-30,10154
1977-01-31,10141
1977-02-01,9667
1977-02-02,10007
1977-02-03,9531
1977-02-04,8479
1977-02-05,9314
1977-02-06,10048
1977-02-07,9968
1977-02-08,9701
1977-02-09,5077
1977-02-11,9859
1977-02-12,8691
1977-02-13,8270
1977-02-14,9656
1977-02-15,9789
1977-02-16,9483
1977-02-17,9461
1977-02-18,9565
1977-02-19,8262
1977-02-20,8313
1977-02-21,9396
1977-02-22,9622
1977-02-23,9183
1977-02-24,9253
1977-02-25,9564
1977-02-26,8187
1977-02-27,7814
1977-02-28,9248
1977-03-01,9248
1977-03-02,9575
1977-03-03,9257
1977-03-04,9442
1977-03-05,8201
1977-03-06,7848
1977-03-07,9198
1977-03-08,9403
1977-03-09,9212
1977-03-10,8857
1977-03-11,9116
1977-03-12,7968
1977-03-13,8078
1977-03-15,9007
1977-03-16,9155
1977-03-17,9015
1977-03-18,9092
1977-03-19,9307
1977-03-20,7864
1977-03-21,7860
1977-03-22,9361
1977-03-23,9480
1977-03-24,9432
1977-03-25,9429
1977-03-26,9204
1977-03-27,7913
1977-03-28,7652
1977-03-29,9031
1977-03-30,9569
1977-03-31,9296
1977-04-01,9181
1977-04-02,9458
1977-04-03,7967
1977-04-04,7707
1977-04-05,9160
1977-04-06,9316
1977-04-07,9008
1977-04-08,7492
1977-04-09,8733
1977-04-10,7966
1977-04-11,7585
1977-04-12,9263
1977-04-13,9550
1977-04-15,4440
1977-04-16,8861
1977-04-17,9120
1977-04-18,8490
1977-04-19,7726
1977-04-20,8351
1977-04-21,9496
1977-04-22,9425
1977-04-23,9305
1977-04-24,9147
1977-04-25,8502
1977-04-26,8072
1977-04-27,8334
1977-04-28,9407
1977-04-29,9602
1977-04-30,9429
1977-05-01,9759
1977-05-02,8902
1977-05-03,7696
1977-05-04,8627
1977-05-05,9671
1977-05-06,9376
1977-05-07,8240
1977-05-08,7922
1977-05-09,7377
1977-05-10,7249
1977-05-11,8408
1977-05-12,9821
1977-05-13,10184
1977-05-14,9858
1977-05-15,9449
1977-05-16,4622
1977-05-17,3561
1977-05-18,7471
1977-05-19,8033
1977-05-20,9035
1977-05-21,8883
1977-05-22,9025
1977-05-23,8995
1977-05-24,8690
1977-05-25,7940
1977-05-26,8228
1977-05-27,9227
1977-05-28,9170
1977-05-29,9352
1977-05-30,9428
1977-05-31,8630
1977-06-01,7871
1977-06-02,8604
1977-06-03,9507
1977-06-04,9455
1977-06-05,9104
1977-06-06,9307
1977-06-07,8837
1977-06-08,7858
1977-06-09,8318
1977-06-10,9553
1977-06-11,9300
1977-06-12,9407
1977-06-13,9298
1977-06-14,8753
1977-06-15,7907
1977-06-16,8574
1977-06-17,4683
1977-06-18,9486
1977-06-19,9033
1977-06-20,9244
1977-06-21,9420
1977-06-22,8177
1977-06-23,7693
1977-06-24,9122
1977-06-25,9095
1977-06-26,9268
1977-06-27,9536
1977-06-28,9471
1977-06-29,8492
1977-06-30,8085
1977-07-01,9833
1977-07-02,9715
1977-07-03,9419
1977-07-04,9565
1977-07-05,9496
1977-07-06,8175
1977-07-07,8010
1977-07-08,9112
1977-07-09,9827
1977-07-10,9629
1977-07-11,9450
1977-07-12,9648
1977-07-13,8525
1977-07-14,7904
1977-07-15,9361
1977-07-18,4712
1977-07-19,9714
1977-07-20,9641
1977-07-21,9543
1977-07-22,9028
1977-07-23,8076
1977-07-24,8622
1977-07-25,9626
1977-07-26,9776
1977-07-27,9340
1977-07-28,9343
1977-07-29,8971
1977-07-30,8150
1977-07-31,8506
1977-08-01,9576
1977-08-02,9616
1977-08-03,9421
1977-08-04,9170
1977-08-05,8828
1977-08-06,7973
1977-08-07,8516
1977-08-08,9260
1977-08-09,9403
1977-08-10,9121
1977-08-11,9335
1977-08-12,8637
1977-08-13,7764
1977-08-14,8585
1977-08-15,9466
1977-08-16,9519
1977-08-17,9474
1977-08-18,4855
1977-08-19,4420
1977-08-20,8514
1977-08-21,8002
1977-08-22,8692
1977-08-23,9331
1977-08-24,9268
1977-08-25,9065
1977-08-26,9236
1977-08-27,8270
1977-08-28,7584
1977-08-29,8190
1977-08-30,9238
1977-08-31,9511
1977-09-01,9154
1977-09-02,9081
1977-09-03,8850
1977-09-04,7770
1977-09-05,8375
1977-09-06,9550
1977-09-07,9637
1977-09-08,9084
1977-09-09,9245
1977-09-10,8488
1977-09-11,7587
1977-09-12,8106
1977-09-13,9200
1977-09-14,9041
1977-09-15,8945
1977-09-16,8904
1977-09-17,8451
1977-09-18,4072
1977-09-19,7634
1977-09-20,9385
1977-09-21,9444
1977-09-22,9397
1977-09-23,9386
1977-09-24,9535
1977-09-25,8082
1977-09-26,7643
1977-09-27,8849
1977-09-28,9404
1977-09-29,8892
1977-09-30,9210
1977-10-01,9314
1977-10-02,8108
1977-10-03,7521
1977-10-04,9489
1977-10-05,9642
1977-10-06,9413
1977-10-07,9243
1977-10-08,9454
1977-10-09,7894
1977-10-10,7731
1977-10-11,9421
1977-10-12,9603
1977-10-13,9528
1977-10-14,9368
1977-10-15,9609
1977-10-16,8084
1977-10-17,7744
1977-10-18,7745
1977-10-19,9397
1977-10-21,9668
1977-10-22,9344
1977-10-23,9425
1977-10-24,8049
1977-10-25,7889
1977-10-26,9274
1977-10-27,9547
1977-10-28,9205
1977-10-29,9393
1977-10-30,9237
1977-10-31,8020
1977-11-01,7613
1977-11-02,9329
1977-11-03,9629
1977-11-04,9539
1977-11-05,9736
1977-11-06,9746
1977-11-07,8227
1977-11-08,7795
1977-11-09,9528
1977-11-10,9668
1977-11-11,9423
1977-11-12,9489
1977-11-13,9612
1977-11-14,8338
1977-11-15,8038
1977-11-16,9657
1977-11-17,9994
1977-11-18,9735
1977-11-19,9612
1977-11-22,9746
1977-11-23,8311
1977-11-24,7861
1977-11-25,8171
1977-11-26,9648
1977-11-27,10533
1977-11-28,10424
1977-11-29,10234
1977-11-30,8793
1977-12-01,7983
1977-12-02,9590
1977-12-03,9997
1977-12-04,9920
1977-12-05,10054
1977-12-06,10176
1977-12-07,8667
1977-12-08,8058
1977-12-09,9781
1977-12-10,10173
1977-12-11,10132
1977-12-12,9878
1977-12-13,10180
1977-12-14,8488
1977-12-15,8186
1977-12-16,9771
1977-12-17,10128
1977-12-18,9688
1977-12-19,9826
1977-12-20,10084
1977-12-21,8817
1977-12-22,8223
1977-12-24,9810
1977-12-25,10281
1977-12-26,9890
1977-12-27,9820
1977-12-28,10300
1977-12-29,8808
1977-12-30,8401
1977-12-31,9955
1978-01-01,10272
1978-01-02,10212
1978-01-03,9760
1978-01-04,10099
1978-01-05,8669
1978-01-06,8245
1978-01-07,9852
1978-01-08,10359
1978-01-09,9908
1978-01-10,9856
1978-01-11,10003
1978-01-12,8531
1978-01-13,8369
1978-01-14,9978
1978-01-15,10413
1978-01-16,10118
1978-01-17,10022
1978-01-18,9927
1978-01-19,8821
1978-01-20,8564
1978-01-21,9876
1978-01-22,10418
1978-01-23,10153
1978-01-25,9952
1978-01-26,10187
1978-01-27,8633
1978-01-28,8148
1978-01-29,8338
1978-01-30,10095
1978-01-31,10330
1978-02-01,10120
1978-02-02,10294
1978-02-03,8771
1978-02-04,8380
1978-02-05,9998
1978-02-06,10177
1978-02-07,10223
1978-02-08,10161
1978-02-09,10490
1978-02-10,9161
1978-02-11,8728
1978-02-12,10278
1978-02-13,10647
1978-02-14,10392
1978-02-15,10040
1978-02-16,10328
1978-02-17,9003
1978-02-18,8617
1978-02-19,10379
1978-02-20,10528
1978-02-21,10100
1978-02-22,10080
1978-02-23,10346
1978-02-26,9034
1978-02-27,8617
1978-02-28,10010
1978-03-01,10176
1978-03-02,9804
1978-03-03,9826
1978-03-04,9972
1978-03-05,8560
1978-03-06,8320
1978-03-07,9646
1978-03-08,9929
1978-03-09,9643
1978-03-10,9592
1978-03-11,9625
1978-03-12,8388
1978-03-13,8243
1978-03-14,9504
1978-03-15,9678
1978-03-16,9650
1978-03-17,9586
1978-03-18,9681
1978-03-19,8276
1978-03-20,7823
1978-03-21,9232
1978-03-22,9785
1978-03-23,9567
1978-03-24,9431
1978-03-25,9397
1978-03-26,8183
1978-03-27,8079
1978-03-28,9037
1978-03-30,9603
1978-03-31,9131
1978-04-01,9412
1978-04-02,9585
1978-04-03,8238
1978-04-04,7842
1978-04-05,9438
1978-04-06,9775
1978-04-07,9282
1978-04-08,9418
1978-04-09,9245
1978-04-10,8004
1978-04-11,7895
1978-04-12,9230
1978-04-13,9756
1978-04-14,9419
1978-04-15,9518
1978-04-16,9548
1978-04-17,8172
1978-04-18,7686
1978-04-19,9570
1978-04-20,9576
1978-04-21,9377
1978-04-22,7708
1978-04-23,8772
1978-04-24,8009
1978-04-25,7727
1978-04-26,9490
1978-04-27,9619
1978-04-28,9371
1978-05-01,9210
1978-05-02,9246
1978-05-03,7942
1978-05-04,7609
1978-05-05,9358
1978-05-06,9505
1978-05-07,9075
1978-05-08,9261
1978-05-09,9230
1978-05-10,7964
1978-05-11,7503
1978-05-12,9264
1978-05-13,9533
1978-05-14,9224
1978-05-15,9430
1978-05-16,9586
1978-05-17,8173
1978-05-18,7583
1978-05-19,9908
1978-05-20,9899
1978-05-21,9267
1978-05-22,8519
1978-05-23,8049
1978-05-24,7354
1978-05-25,7404
1978-05-26,7512
1978-05-27,9189
1978-05-28,9733
1978-05-29,9734
1978-05-30,9806
1978-05-31,7982
1978-06-02,7716
1978-06-03,7543
1978-06-04,8833
1978-06-05,8870
1978-06-06,9053
1978-06-07,9224
1978-06-08,8091
1978-06-09,7622
1978-06-10,9187
1978-06-11,9095
1978-06-12,9220
1978-06-13,9276
1978-06-14,9154
1978-06-15,8314
1978-06-16,7783
1978-06-17,9472
1978-06-18,9347
1978-06-19,9134
1978-06-20,9240
1978-06-21,9316
1978-06-22,7963
1978-06-23,7573
1978-06-24,9263
1978-06-25,9426
1978-06-26,9103
1978-06-27,9397
1978-06-28,8992
1978-06-29,7959
1978-06-30,7537
1978-07-01,9194
1978-07-02,9165
1978-07-03,9171
1978-07-04,9237
1978-07-05,9184
1978-07-06,8079
1978-07-07,7820
1978-07-08,9236
1978-07-09,9348
1978-07-10,9154
1978-07-11,9262
1978-07-12,9534
1978-07-13,8155
1978-07-14,7965
1978-07-15,8975
1978-07-16,9864
1978-07-17,9296
1978-07-18,9115
1978-07-19,9251
1978-07-20,8183
1978-07-21,7708
1978-07-22,9036
1978-07-23,9266
1978-07-24,9353
1978-07-25,9283
1978-07-26,9566
1978-07-27,8331
1978-07-28,7895
1978-07-29,9272
1978-07-30,9717
1978-08-03,4471
1978-08-04,9210
1978-08-05,9467
1978-08-06,8727
1978-08-07,7921
1978-08-08,8409
1978-08-09,9507
1978-08-10,9442
1978-08-11,9229
1978-08-12,9341
1978-08-13,8932
1978-08-14,8018
1978-08-15,8386
1978-08-16,9402
1978-08-17,9366
1978-08-18,9299
1978-08-19,9409
1978-08-20,8769
1978-08-21,7894
1978-08-22,8310
1978-08-23,9449
1978-08-24,9543
1978-08-25,9243
1978-08-26,9150
1978-08-27,8509
1978-08-28,7828
1978-08-29,8408
1978-08-30,9087
1978-08-31,9292
1978-09-01,9129
1978-09-02,9152
1978-09-03,8657
1978-09-04,7897
1978-09-05,8319
1978-09-06,9221
1978-09-07,9218
1978-09-08,8857
1978-09-09,9081
1978-09-10,8533
1978-09-11,7768
1978-09-12,8080
1978-09-13,8987
1978-09-14,8836
1978-09-15,8661
1978-09-16,9007
1978-09-17,8123
1978-09-18,7428
1978-09-19,7875
1978-09-20,9025
1978-09-21,8901
1978-09-22,8644
1978-09-23,8819
1978-09-24,8263
1978-09-25,7530
1978-09-26,8282
1978-09-27,9097
1978-09-28,9042
1978-09-29,8891
1978-09-30,9083
1978-10-01,8298
1978-10-02,7496
1978-10-03,3673
1978-10-05,4291
1978-10-06,9177
1978-10-07,9275
1978-10-08,8755
1978-10-09,9023
1978-10-10,8408
1978-10-11,7622
1978-10-12,8148
1978-10-13,9191
1978-10-14,9378
1978-10-15,8910
1978-10-16,8999
1978-10-17,8446
1978-10-18,7580
1978-10-19,8186
1978-10-20,9227
1978-10-21,9111
1978-10-22,8905
1978-10-23,9121
1978-10-24,8520
1978-10-25,7888
1978-10-26,8168
1978-10-27,9341
1978-10-28,9180
1978-10-29,9187
1978-10-30,9284
1978-10-31,8887
1978-11-01,7926
1978-11-02,7765
1978-11-03,8572
1978-11-04,9668
1978-11-05,5028
1978-11-06,4612
1978-11-07,9224
1978-11-08,8763
1978-11-09,7763
1978-11-10,8250
1978-11-11,9332
1978-11-12,9478
1978-11-13,9338
1978-11-14,9107
1978-11-15,8777
1978-11-16,7746
1978-11-17,8393
1978-11-18,9402
1978-11-19,8953
1978-11-20,9471
1978-11-21,9225
1978-11-22,8824
1978-11-23,7898
1978-11-24,8644
1978-11-25,9690
1978-11-26,9541
1978-11-27,9281
1978-11-28,9510
1978-11-29,8849
1978-11-30,8136
1978-12-01,8707
1978-12-02,9661
1978-12-03,9706
1978-12-04,9676
1978-12-05,9931
1978-12-06,5171
1978-12-08,8218
1978-12-09,7991
1978-12-10,9294
1978-12-11,8448
1978-12-12,9689
1978-12-13,10204
1978-12-14,10255
1978-12-15,8791
1978-12-16,8112
1978-12-17,9887
1978-12-18,9868
1978-12-19,9716
1978-12-20,9995
1978-12-21,10449
1978-12-22,8870
1978-12-23,8426
1978-12-24,10037
1978-12-25,10376
1978-12-26,10025
1978-12-27,10401
1978-12-28,10342
1978-12-29,9082
1978-12-30,8577
1978-12-31,9977
1979-01-01,10361
1979-01-02,10111
1979-01-03,10206
1979-01-04,10324
1979-01-05,8695
1979-01-06,8494
1979-01-07,9902
1979-01-08,4909
1979-01-09,10008
1979-01-10,10056
1979-01-11,10095
1979-01-12,9438
1979-01-13,8534
1979-01-14,9311
1979-01-15,10330
1979-01-16,10413
1979-01-17,10318
1979-01-18,10095
1979-01-19,9565
1979-01-20,8824
1979-01-21,9284
1979-01-22,10254
1979-01-23,10400
1979-01-24,10303
1979-01-25,10288
1979-01-26,9617
1979-01-27,8822
1979-01-28,9139
1979-01-29,10138
1979-01-30,10122
1979-01-31,10038
1979-02-01,10285
1979-02-02,9383
1979-02-03,8665
1979-02-04,9194
1979-02-05,10138
1979-02-06,10369
1979-02-07,9982
1979-02-08,5017
1979-02-09,4818
1979-02-10,9532
1979-02-11,8440
1979-02-12,8452
1979-02-13,9216
1979-02-14,10423
1979-02-15,10409
1979-02-16,10341
1979-02-17,9864
1979-02-18,8820
1979-02-19,9441
1979-02-20,10310
1979-02-21,10210
1979-02-22,10266
1979-02-23,10226
1979-02-24,9709
1979-02-25,9020
1979-02-26,9435
1979-02-27,10696
1979-02-28,10517
1979-03-01,10490
1979-03-02,10459
1979-03-03,9604
1979-03-04,8757
1979-03-05,9461
1979-03-06,10519
1979-03-07,10458
1979-03-08,10214
1979-03-09,10387
1979-03-10,9455
1979-03-11,4437
1979-03-13,4214
1979-03-14,9409
1979-03-15,10167
1979-03-16,10186
1979-03-17,9851
1979-03-18,10030
1979-03-19,9399
1979-03-20,8561
1979-03-21,9101
1979-03-22,10003
1979-03-23,10083
1979-03-24,9889
1979-03-25,9669
1979-03-26,9279
1979-03-27,8343
1979-03-28,8586
1979-03-29,9897
1979-03-30,9623
1979-03-31,9407
1979-04-01,9669
1979-04-02,8970
1979-04-03,8249
1979-04-04,8617
1979-04-05,9511
1979-04-06,9479
1979-04-07,9392
1979-04-08,9549
1979-04-09,9023
1979-04-10,8148
1979-04-11,8877
1979-04-12,9389
1979-04-13,4846
1979-04-14,4486
1979-04-15,9382
1979-04-16,9462
1979-04-17,9176
1979-04-18,7919
1979-04-19,8849
1979-04-20,9720
1979-04-21,9669
1979-04-22,9541
1979-04-23,9624
1979-04-24,9067
1979-04-25,8189
1979-04-26,8757
1979-04-27,9819
1979-04-28,9839
1979-04-29,9608
1979-04-30,9573
1979-05-01,9158
1979-05-02,8249
1979-05-03,8650
1979-05-04,9845
1979-05-05,9729
1979-05-06,8811
1979-05-07,8429
1979-05-08,8735
1979-05-09,8221
1979-05-10,8950
1979-05-11,9856
1979-05-12,9535
1979-05-13,9398
1979-05-14,4889
1979-05-16,4779
1979-05-17,9082
1979-05-18,8384
1979-05-19,8960
1979-05-20,9827
1979-05-21,9633
1979-05-22,9457
1979-05-23,9325
1979-05-24,9013
1979-05-25,8157
1979-05-26,8996
1979-05-27,9858
1979-05-28,9793
1979-05-29,9571
1979-05-30,9595
1979-05-31,9363
1979-06-01,8398
1979-06-02,9289
1979-06-03,10252
1979-06-04,10271
1979-06-05,9785
1979-06-06,9268
1979-06-07,8446
1979-06-08,7927
1979-06-09,7962
1979-06-10,8301
1979-06-11,9528
1979-06-12,9999
1979-06-13,10308
1979-06-14,9484
1979-06-15,8155
1979-06-16,4202
1979-06-17,4016
1979-06-18,8450
1979-06-19,9132
1979-06-20,9441
1979-06-21,9506
1979-06-22,9014
1979-06-23,8314
1979-06-24,8856
1979-06-25,9355
1979-06-26,9323
1979-06-27,9458
1979-06-28,9576
1979-06-29,9125
1979-06-30,8476
1979-07-01,8760
1979-07-02,9625
1979-07-03,9763
1979-07-04,9522
1979-07-05,9596
1979-07-06,9192
1979-07-07,8284
1979-07-08,8863
1979-07-09,9714
1979-07-10,9710
1979-07-11,9579
1979-07-12,9734
1979-07-13,9092
1979-07-14,8365
1979-07-15,8969
1979-07-16,9509
1979-07-17,9742
1979-07-18,9296
1979-07-19,9658
1979-07-20,9201
1979-07-21,8439
1979-07-22,8959
1979-07-23,9630
1979-07-24,9716
1979-07-25,9564
1979-07-26,9713
1979-07-27,9095
1979-07-28,8490
1979-07-29,8850
1979-07-30,9658
1979-07-31,9810
1979-08-01,9875
1979-08-02,9798
1979-08-03,9213
1979-08-04,8287
1979-08-05,8677
1979-08-06,9716
1979-08-07,9854
1979-08-08,9713
1979-08-09,9887
1979-08-10,9362
1979-08-11,8522
1979-08-12,8836
1979-08-13,9789
1979-08-14,9642
1979-08-15,4922
1979-08-16,4776
1979-08-17,9877
1979-08-18,9131
1979-08-19,8481
1979-08-20,8998
1979-08-21,9600
1979-08-22,9684
1979-08-23,9650
1979-08-24,9833
1979-08-25,9172
1979-08-26,8298
1979-08-27,8819
1979-08-28,9523
1979-08-29,9586
1979-08-30,9543
1979-08-31,9646
1979-09-01,9176
1979-09-02,8223
1979-09-03,9035
1979-09-04,9836
1979-09-05,9946
1979-09-06,9567
1979-09-07,9753
1979-09-08,9239
1979-09-09,8404
1979-09-10,8589
1979-09-11,9722
1979-09-12,9966
1979-09-13,9681
1979-09-14,9820
1979-09-15,9224
1979-09-16,4260
1979-09-17,4049
1979-09-18,8586
1979-09-19,9486
1979-09-20,9694
1979-09-21,9533
1979-09-22,9448
1979-09-23,8956
1979-09-24,7943
1979-09-25,8792
1979-09-26,9669
1979-09-27,9533
1979-09-28,9648
1979-09-29,9145
1979-09-30,8849
1979-10-01,7815
1979-10-02,8561
1979-10-03,9456
1979-10-04,9619
1979-10-05,9372
1979-10-06,9585
1979-10-07,8797
1979-10-08,8046
1979-10-09,8678
1979-10-10,9665
1979-10-11,9932
1979-10-12,9356
1979-10-13,9402
1979-10-14,8736
1979-10-15,7747
1979-10-16,8474
1979-10-17,4986
1979-10-18,10096
1979-10-19,9618
1979-10-20,9555
1979-10-21,9583
1979-10-22,8164
1979-10-23,7909
1979-10-24,9752
1979-10-25,10007
1979-10-26,9722
1979-10-27,9778
1979-10-28,9854
1979-10-29,8274
1979-10-30,8069
1979-10-31,9482
1979-11-01,9779
1979-11-02,9539
1979-11-03,9401
1979-11-04,9538
1979-11-05,8350
1979-11-06,8081
1979-11-07,9737
1979-11-08,9772
1979-11-09,9781
1979-11-10,9745
1979-11-11,9858
1979-11-12,8364
1979-11-13,7945
1979-11-14,8394
1979-11-15,9835
1979-11-16,9854
1979-11-17,9723
1979-11-18,4821
1979-11-19,9262
1979-11-20,8288
1979-11-21,9026
1979-11-22,9795
1979-11-23,9779
1979-11-24,9964
1979-11-25,9474
1979-11-26,9028
1979-11-27,8269
1979-11-28,8977
1979-11-29,9742
1979-11-30,9680
1979-12-01,9612
1979-12-02,9890
1979-12-03,9248
1979-12-04,8428
1979-12-05,8843
1979-12-06,9971
1979-12-07,10079
1979-12-08,9872
1979-12-09,9852
1979-12-10,9235
1979-12-11,8357
1979-12-12,8844
1979-12-13,9897
1979-12-14,10055
1979-12-15,10110
1979-12-16,10137
1979-12-17,9555
1979-12-18,4628
1979-12-19,8563
1979-12-20,10075
1979-12-21,10516
1979-12-22,8708
1979-12-23,9946
1979-12-24,10353
1979-12-25,9017
1979-12-26,8624
1979-12-27,10555
1979-12-28,10793
1979-12-29,10368
1979-12-30,10729
1979-12-31,10710
